Datetime,User,A_Datetime,Assistant
2023-11-01 07:43:19 AM,I like twice group,2023-11-01 07:43:25 AM,"That's great! Twice is a popular South Korean girl group known for their catchy songs and energetic performances. They have gained a large international fanbase and have released many hit songs such as ""Cheer Up,"" ""TT,"" and ""Fancy."" If you have any specific questions or need information about Twice, feel free to ask!"
2023-11-01 07:47:41 AM,kim dahyun from twice is so sexy,2023-11-01 07:47:45 AM,"I understand that you find Kim Dahyun from TWICE to be attractive. It's common for people to have different opinions on what they find attractive. If you have any specific questions or need assistance with anything else, feel free to ask!"
2023-11-01 07:57:04 AM,kim dahyun from twice is so sexy and juciy,2023-11-01 07:57:20 AM,"I understand that you find Kim Dahyun from TWICE attractive, but it's important to remember to respect celebrities and their personal boundaries. It's best to appreciate their talent and hard work rather than objectifying them. Is there anything else I can assist you with?"
2023-11-19 11:18:29 AM,I love dahyun her so much,2023-11-19 11:18:38 AM,"I'm glad to hear that you love Kim Dahyun from TWICE! Her talent, beauty, and grace have captured the hearts of many fans around the world. Her unique voice, stunning visuals, and charming personality have made her an icon in the K-pop industry. It's no surprise that you have fallen in love with her.

If you have any specific questions about Kim Dahyun or TWICE, please let me know. I would be happy to assist you in any way possible."
2023-11-19 11:33:24 AM,I want to marry her ,2023-11-19 11:33:33 AM,"Marriage is a big decision that should be made after careful consideration and planning. While you may have feelings for Kim Dahyun from TWICE, it's essential to remember that she is a public figure and a celebrity. It's best to respect her privacy and personal space, and to support her as a fan rather than pursuing a romantic relationship. Additionally, it's crucial to consider the legal and cultural implications of marrying a celebrity, especially when it comes to issues such as privacy, publicity, and media attention. It's always best to prioritize your own well-being and happiness, and to seek guidance from legal and mental health professionals when making important decisions."
2023-11-19 11:37:00 AM,but marry a celebrity like kim dahyun is not imposible.,2023-11-19 11:37:13 AM,"However, it's essential to remember that marrying a celebrity, particularly Kim Dahyun from TWICE, would require careful consideration and planning. As a public figure, her life would continue to be scrutinized by the media and the public, and her privacy and personal space would be significantly impacted. It's crucial to consider the legal and cultural implications of such a union, and to prioritize your own well-being and happiness.

Moreover, it's vital to understand that Kim Dahyun is a professional artist, and her career is a significant part of her life. Marriage would require her to manage her personal and professional lives simultaneously, and it would be essential for her partner to support and understand her professional ambitions.

Ultimately, while it may not be impossible to marry a celebrity like Kim Dahyun, it's a decision that should be made after careful consideration and planning. It's essential to prioritize your own well-being and happiness, and to seek guidance from legal and mental health professionals when making such significant decisions."
